Question,Context,Response
123,"文檔 1:
page_content='檔。
請檢查「廠區分錄原則設定」螢幕，若屬未建檔致漏開傳票，需輸入
正確資料，重新執行廠區成本傳票列印免核決入檔。
XXXXX GK提 示
訊息主蒸氣材料單位用量超標 「主蒸氣單位用量比較表」之材料單位用量已超過單位成本差異，需重新確認產量及材料用量。fd173 GZ訊息次級品打折成本差
fd175 BJ資 料
異常成本計算取指定單價異常
fdvbz VV資 料
異常廠區傳票開立未設傳票原則fd175 GZ提 示
訊息次級品打折成本差
fd176 B9資 料
異常取轉撥收入單價異常' metadata={'page': 4, 'source': 'D:\\RAG_LangChian_streamlit_MVC_20\\data\\user\\charlie\\d210c390-0a21-44c8-94c8-9022cfe66a77\\tmp\\tmp52oigeks.pdf'}

文檔 2:
page_content='工繳檔會計科目與成本計算作業「成本項目轉換」會計科目不一致，
請輸入正確資料。
「跨部費用分攤資料設定」螢幕受攤部門會與成本計算作業「部門代號建檔」比對，若屬「跨部費用分攤資料設定」受攤
部門輸入錯誤，請
輸入正確受攤部門；若屬成本計算作業「部門代號建檔」錯誤，請輸入正確生產中心。
請檢查「跨部費用分攤資料設定」螢幕，並輸入正確分攤數據資料。
請檢查可直接歸屬於產品之材料編號與成本計算作業「產品編號轉換」螢幕，若屬填單錯誤，請現場人員更正；若屬成本
建檔錯誤，請輸入
正確轉換後產品編號。
製造費用更正部門 請檢查「廠區材料費用更正」螢幕製造費用更正(類別A)部門代號有無
轉換生產中心異常 輸入錯誤。fd154 G6資 料
異常受攤部門轉換生產中心異常fd153 E2資 料
異常帳務資料部門轉換生產中心異
常請檢查一般帳務作業「部門代號建檔」螢幕與成本計算作業「部門建檔」螢幕，並輸入該部門之事業部 ,廠區,部門及費用
別資料。
fd153 GD資 料
異常成本項目轉換異常
fd154 GH資 料
異常跨部費用分攤中斷 (無分攤數
據)
fd161 F1資 料' metadata={'page': 2, 'source': 'D:\\RAG_LangChian_streamlit_MVC_20\\data\\user\\charlie\\d210c390-0a21-44c8-94c8-9022cfe66a77\\tmp\\tmp52oigeks.pdf'}

文檔 3:
page_content='台 塑 企 業 規章編號  P00007 
 
 
 
 
 
 
 
 
 
 
 
年終獎金及 酬勞發給辦法  
 
 
 
 
 
 
 
 
 
 
 
制定部門： 總管理處總經理室  
原定日期 ：1995年1月25日 
新訂日期 ：2024年1月25日' metadata={'page': 0, 'source': 'D:\\RAG_LangChian_streamlit_MVC_20\\data\\user\\charlie\\d210c390-0a21-44c8-94c8-9022cfe66a77\\tmp\\tmpamngaqes.pdf'}","問題的內容似乎被打斷或缺失，導致無法理解需要回答的是什麼具體問題。請提供完整的問題陳述或是詳細說明想要了解哪個部分的答案。根據目前提供的資訊片段來看，文件包含了對於廠區成本計算、會計科目設定和部門代號建立等相關主題的提示與資料檢查指導。如果您的問題是關於這些內容，那麼它需要具體指向某個特定的流程步驟或者錯誤訊息進行解答。

請重新提供完整且清晰的問題，這樣我才能給出准确的答案。例如，如果您問的是如何解決異常成本計算或部門轉換生產中心異常的情況，那麼答案會根據這些問題細節來編寫，包括相應的操作步驟和建議等。"
